"Store Type","Total Revenue","Total Revenue / Out Of Total Revenue Across Rows","Orders"
"Local",4200344.269999848,0.6501947512674315,"78409"
"Mall Kiosk",705645.9000000039,0.10923087036230057,"13142"
"Outlet",508029.41000000143,0.07864071005577429,"9207"
"Super Store",1045045.1900000043,0.1617683822319886,"19276"
"Web Portal",1067.77,0.00016528608250505395,"43"
